country,last_update,url,season_code,league_code,file_name,file_code
England,21/05/17,http://www.football-data.co.uk/mmz4281/1617/E0.csv,16-17,E0,C:/R Projects/football-data/raw_data/E0_16-17.csv,E0_16-17
England,21/05/17,http://www.football-data.co.uk/mmz4281/1617/E1.csv,16-17,E1,C:/R Projects/football-data/raw_data/E1_16-17.csv,E1_16-17
England,21/05/17,http://www.football-data.co.uk/mmz4281/1617/E2.csv,16-17,E2,C:/R Projects/football-data/raw_data/E2_16-17.csv,E2_16-17
England,21/05/17,http://www.football-data.co.uk/mmz4281/1617/E3.csv,16-17,E3,C:/R Projects/football-data/raw_data/E3_16-17.csv,E3_16-17
England,21/05/17,http://www.football-data.co.uk/mmz4281/1617/EC.csv,16-17,EC,C:/R Projects/football-data/raw_data/EC_16-17.csv,EC_16-17
England,21/05/17,http://www.football-data.co.uk/mmz4281/1516/E0.csv,15-16,E0,C:/R Projects/football-data/raw_data/E0_15-16.csv,E0_15-16
England,21/05/17,http://www.football-data.co.uk/mmz4281/1516/E1.csv,15-16,E1,C:/R Projects/football-data/raw_data/E1_15-16.csv,E1_15-16
England,21/05/17,http://www.football-data.co.uk/mmz4281/1516/E2.csv,15-16,E2,C:/R Projects/football-data/raw_data/E2_15-16.csv,E2_15-16
England,21/05/17,http://www.football-data.co.uk/mmz4281/1516/E3.csv,15-16,E3,C:/R Projects/football-data/raw_data/E3_15-16.csv,E3_15-16
England,21/05/17,http://www.football-data.co.uk/mmz4281/1516/EC.csv,15-16,EC,C:/R Projects/football-data/raw_data/EC_15-16.csv,EC_15-16
England,21/05/17,http://www.football-data.co.uk/mmz4281/1415/E0.csv,14-15,E0,C:/R Projects/football-data/raw_data/E0_14-15.csv,E0_14-15
England,21/05/17,http://www.football-data.co.uk/mmz4281/1415/E1.csv,14-15,E1,C:/R Projects/football-data/raw_data/E1_14-15.csv,E1_14-15
England,21/05/17,http://www.football-data.co.uk/mmz4281/1415/E2.csv,14-15,E2,C:/R Projects/football-data/raw_data/E2_14-15.csv,E2_14-15
England,21/05/17,http://www.football-data.co.uk/mmz4281/1415/E3.csv,14-15,E3,C:/R Projects/football-data/raw_data/E3_14-15.csv,E3_14-15
England,21/05/17,http://www.football-data.co.uk/mmz4281/1415/EC.csv,14-15,EC,C:/R Projects/football-data/raw_data/EC_14-15.csv,EC_14-15
England,21/05/17,http://www.football-data.co.uk/mmz4281/1314/E0.csv,13-14,E0,C:/R Projects/football-data/raw_data/E0_13-14.csv,E0_13-14
England,21/05/17,http://www.football-data.co.uk/mmz4281/1314/E1.csv,13-14,E1,C:/R Projects/football-data/raw_data/E1_13-14.csv,E1_13-14
England,21/05/17,http://www.football-data.co.uk/mmz4281/1314/E2.csv,13-14,E2,C:/R Projects/football-data/raw_data/E2_13-14.csv,E2_13-14
England,21/05/17,http://www.football-data.co.uk/mmz4281/1314/E3.csv,13-14,E3,C:/R Projects/football-data/raw_data/E3_13-14.csv,E3_13-14
England,21/05/17,http://www.football-data.co.uk/mmz4281/1314/EC.csv,13-14,EC,C:/R Projects/football-data/raw_data/EC_13-14.csv,EC_13-14
England,21/05/17,http://www.football-data.co.uk/mmz4281/1213/E0.csv,12-13,E0,C:/R Projects/football-data/raw_data/E0_12-13.csv,E0_12-13
England,21/05/17,http://www.football-data.co.uk/mmz4281/1213/E1.csv,12-13,E1,C:/R Projects/football-data/raw_data/E1_12-13.csv,E1_12-13
England,21/05/17,http://www.football-data.co.uk/mmz4281/1213/E2.csv,12-13,E2,C:/R Projects/football-data/raw_data/E2_12-13.csv,E2_12-13
England,21/05/17,http://www.football-data.co.uk/mmz4281/1213/E3.csv,12-13,E3,C:/R Projects/football-data/raw_data/E3_12-13.csv,E3_12-13
England,21/05/17,http://www.football-data.co.uk/mmz4281/1213/EC.csv,12-13,EC,C:/R Projects/football-data/raw_data/EC_12-13.csv,EC_12-13
England,21/05/17,http://www.football-data.co.uk/mmz4281/1112/E0.csv,11-12,E0,C:/R Projects/football-data/raw_data/E0_11-12.csv,E0_11-12
England,21/05/17,http://www.football-data.co.uk/mmz4281/1112/E1.csv,11-12,E1,C:/R Projects/football-data/raw_data/E1_11-12.csv,E1_11-12
England,21/05/17,http://www.football-data.co.uk/mmz4281/1112/E2.csv,11-12,E2,C:/R Projects/football-data/raw_data/E2_11-12.csv,E2_11-12
England,21/05/17,http://www.football-data.co.uk/mmz4281/1112/E3.csv,11-12,E3,C:/R Projects/football-data/raw_data/E3_11-12.csv,E3_11-12
England,21/05/17,http://www.football-data.co.uk/mmz4281/1112/EC.csv,11-12,EC,C:/R Projects/football-data/raw_data/EC_11-12.csv,EC_11-12
England,21/05/17,http://www.football-data.co.uk/mmz4281/1011/E0.csv,10-11,E0,C:/R Projects/football-data/raw_data/E0_10-11.csv,E0_10-11
England,21/05/17,http://www.football-data.co.uk/mmz4281/1011/E1.csv,10-11,E1,C:/R Projects/football-data/raw_data/E1_10-11.csv,E1_10-11
England,21/05/17,http://www.football-data.co.uk/mmz4281/1011/E2.csv,10-11,E2,C:/R Projects/football-data/raw_data/E2_10-11.csv,E2_10-11
England,21/05/17,http://www.football-data.co.uk/mmz4281/1011/E3.csv,10-11,E3,C:/R Projects/football-data/raw_data/E3_10-11.csv,E3_10-11
England,21/05/17,http://www.football-data.co.uk/mmz4281/1011/EC.csv,10-11,EC,C:/R Projects/football-data/raw_data/EC_10-11.csv,EC_10-11
England,21/05/17,http://www.football-data.co.uk/mmz4281/0910/E0.csv,09-10,E0,C:/R Projects/football-data/raw_data/E0_09-10.csv,E0_09-10
England,21/05/17,http://www.football-data.co.uk/mmz4281/0910/E1.csv,09-10,E1,C:/R Projects/football-data/raw_data/E1_09-10.csv,E1_09-10
England,21/05/17,http://www.football-data.co.uk/mmz4281/0910/E2.csv,09-10,E2,C:/R Projects/football-data/raw_data/E2_09-10.csv,E2_09-10
England,21/05/17,http://www.football-data.co.uk/mmz4281/0910/E3.csv,09-10,E3,C:/R Projects/football-data/raw_data/E3_09-10.csv,E3_09-10
England,21/05/17,http://www.football-data.co.uk/mmz4281/0910/EC.csv,09-10,EC,C:/R Projects/football-data/raw_data/EC_09-10.csv,EC_09-10
England,21/05/17,http://www.football-data.co.uk/mmz4281/0809/E0.csv,08-09,E0,C:/R Projects/football-data/raw_data/E0_08-09.csv,E0_08-09
England,21/05/17,http://www.football-data.co.uk/mmz4281/0809/E1.csv,08-09,E1,C:/R Projects/football-data/raw_data/E1_08-09.csv,E1_08-09
England,21/05/17,http://www.football-data.co.uk/mmz4281/0809/E2.csv,08-09,E2,C:/R Projects/football-data/raw_data/E2_08-09.csv,E2_08-09
England,21/05/17,http://www.football-data.co.uk/mmz4281/0809/E3.csv,08-09,E3,C:/R Projects/football-data/raw_data/E3_08-09.csv,E3_08-09
England,21/05/17,http://www.football-data.co.uk/mmz4281/0809/EC.csv,08-09,EC,C:/R Projects/football-data/raw_data/EC_08-09.csv,EC_08-09
England,21/05/17,http://www.football-data.co.uk/mmz4281/0708/E0.csv,07-08,E0,C:/R Projects/football-data/raw_data/E0_07-08.csv,E0_07-08
England,21/05/17,http://www.football-data.co.uk/mmz4281/0708/E1.csv,07-08,E1,C:/R Projects/football-data/raw_data/E1_07-08.csv,E1_07-08
England,21/05/17,http://www.football-data.co.uk/mmz4281/0708/E2.csv,07-08,E2,C:/R Projects/football-data/raw_data/E2_07-08.csv,E2_07-08
England,21/05/17,http://www.football-data.co.uk/mmz4281/0708/E3.csv,07-08,E3,C:/R Projects/football-data/raw_data/E3_07-08.csv,E3_07-08
England,21/05/17,http://www.football-data.co.uk/mmz4281/0708/EC.csv,07-08,EC,C:/R Projects/football-data/raw_data/EC_07-08.csv,EC_07-08
England,21/05/17,http://www.football-data.co.uk/mmz4281/0607/E0.csv,06-07,E0,C:/R Projects/football-data/raw_data/E0_06-07.csv,E0_06-07
England,21/05/17,http://www.football-data.co.uk/mmz4281/0607/E1.csv,06-07,E1,C:/R Projects/football-data/raw_data/E1_06-07.csv,E1_06-07
England,21/05/17,http://www.football-data.co.uk/mmz4281/0607/E2.csv,06-07,E2,C:/R Projects/football-data/raw_data/E2_06-07.csv,E2_06-07
England,21/05/17,http://www.football-data.co.uk/mmz4281/0607/E3.csv,06-07,E3,C:/R Projects/football-data/raw_data/E3_06-07.csv,E3_06-07
England,21/05/17,http://www.football-data.co.uk/mmz4281/0607/EC.csv,06-07,EC,C:/R Projects/football-data/raw_data/EC_06-07.csv,EC_06-07
England,21/05/17,http://www.football-data.co.uk/mmz4281/0506/E0.csv,05-06,E0,C:/R Projects/football-data/raw_data/E0_05-06.csv,E0_05-06
England,21/05/17,http://www.football-data.co.uk/mmz4281/0506/E1.csv,05-06,E1,C:/R Projects/football-data/raw_data/E1_05-06.csv,E1_05-06
England,21/05/17,http://www.football-data.co.uk/mmz4281/0506/E2.csv,05-06,E2,C:/R Projects/football-data/raw_data/E2_05-06.csv,E2_05-06
England,21/05/17,http://www.football-data.co.uk/mmz4281/0506/E3.csv,05-06,E3,C:/R Projects/football-data/raw_data/E3_05-06.csv,E3_05-06
England,21/05/17,http://www.football-data.co.uk/mmz4281/0506/EC.csv,05-06,EC,C:/R Projects/football-data/raw_data/EC_05-06.csv,EC_05-06
England,21/05/17,http://www.football-data.co.uk/mmz4281/0405/E0.csv,04-05,E0,C:/R Projects/football-data/raw_data/E0_04-05.csv,E0_04-05
England,21/05/17,http://www.football-data.co.uk/mmz4281/0405/E1.csv,04-05,E1,C:/R Projects/football-data/raw_data/E1_04-05.csv,E1_04-05
England,21/05/17,http://www.football-data.co.uk/mmz4281/0405/E2.csv,04-05,E2,C:/R Projects/football-data/raw_data/E2_04-05.csv,E2_04-05
England,21/05/17,http://www.football-data.co.uk/mmz4281/0405/E3.csv,04-05,E3,C:/R Projects/football-data/raw_data/E3_04-05.csv,E3_04-05
England,21/05/17,http://www.football-data.co.uk/mmz4281/0304/E0.csv,03-04,E0,C:/R Projects/football-data/raw_data/E0_03-04.csv,E0_03-04
England,21/05/17,http://www.football-data.co.uk/mmz4281/0304/E1.csv,03-04,E1,C:/R Projects/football-data/raw_data/E1_03-04.csv,E1_03-04
England,21/05/17,http://www.football-data.co.uk/mmz4281/0304/E2.csv,03-04,E2,C:/R Projects/football-data/raw_data/E2_03-04.csv,E2_03-04
England,21/05/17,http://www.football-data.co.uk/mmz4281/0304/E3.csv,03-04,E3,C:/R Projects/football-data/raw_data/E3_03-04.csv,E3_03-04
England,21/05/17,http://www.football-data.co.uk/mmz4281/0203/E0.csv,02-03,E0,C:/R Projects/football-data/raw_data/E0_02-03.csv,E0_02-03
England,21/05/17,http://www.football-data.co.uk/mmz4281/0203/E1.csv,02-03,E1,C:/R Projects/football-data/raw_data/E1_02-03.csv,E1_02-03
England,21/05/17,http://www.football-data.co.uk/mmz4281/0203/E2.csv,02-03,E2,C:/R Projects/football-data/raw_data/E2_02-03.csv,E2_02-03
England,21/05/17,http://www.football-data.co.uk/mmz4281/0203/E3.csv,02-03,E3,C:/R Projects/football-data/raw_data/E3_02-03.csv,E3_02-03
England,21/05/17,http://www.football-data.co.uk/mmz4281/0102/E0.csv,01-02,E0,C:/R Projects/football-data/raw_data/E0_01-02.csv,E0_01-02
England,21/05/17,http://www.football-data.co.uk/mmz4281/0102/E1.csv,01-02,E1,C:/R Projects/football-data/raw_data/E1_01-02.csv,E1_01-02
England,21/05/17,http://www.football-data.co.uk/mmz4281/0102/E2.csv,01-02,E2,C:/R Projects/football-data/raw_data/E2_01-02.csv,E2_01-02
England,21/05/17,http://www.football-data.co.uk/mmz4281/0102/E3.csv,01-02,E3,C:/R Projects/football-data/raw_data/E3_01-02.csv,E3_01-02
England,21/05/17,http://www.football-data.co.uk/mmz4281/0001/E0.csv,00-01,E0,C:/R Projects/football-data/raw_data/E0_00-01.csv,E0_00-01
England,21/05/17,http://www.football-data.co.uk/mmz4281/0001/E1.csv,00-01,E1,C:/R Projects/football-data/raw_data/E1_00-01.csv,E1_00-01
England,21/05/17,http://www.football-data.co.uk/mmz4281/0001/E2.csv,00-01,E2,C:/R Projects/football-data/raw_data/E2_00-01.csv,E2_00-01
England,21/05/17,http://www.football-data.co.uk/mmz4281/0001/E3.csv,00-01,E3,C:/R Projects/football-data/raw_data/E3_00-01.csv,E3_00-01
England,21/05/17,http://www.football-data.co.uk/mmz4281/9900/E0.csv,99-00,E0,C:/R Projects/football-data/raw_data/E0_99-00.csv,E0_99-00
England,21/05/17,http://www.football-data.co.uk/mmz4281/9900/E1.csv,99-00,E1,C:/R Projects/football-data/raw_data/E1_99-00.csv,E1_99-00
England,21/05/17,http://www.football-data.co.uk/mmz4281/9900/E2.csv,99-00,E2,C:/R Projects/football-data/raw_data/E2_99-00.csv,E2_99-00
England,21/05/17,http://www.football-data.co.uk/mmz4281/9900/E3.csv,99-00,E3,C:/R Projects/football-data/raw_data/E3_99-00.csv,E3_99-00
England,21/05/17,http://www.football-data.co.uk/mmz4281/9899/E0.csv,98-99,E0,C:/R Projects/football-data/raw_data/E0_98-99.csv,E0_98-99
England,21/05/17,http://www.football-data.co.uk/mmz4281/9899/E1.csv,98-99,E1,C:/R Projects/football-data/raw_data/E1_98-99.csv,E1_98-99
England,21/05/17,http://www.football-data.co.uk/mmz4281/9899/E2.csv,98-99,E2,C:/R Projects/football-data/raw_data/E2_98-99.csv,E2_98-99
England,21/05/17,http://www.football-data.co.uk/mmz4281/9899/E3.csv,98-99,E3,C:/R Projects/football-data/raw_data/E3_98-99.csv,E3_98-99
England,21/05/17,http://www.football-data.co.uk/mmz4281/9798/E0.csv,97-98,E0,C:/R Projects/football-data/raw_data/E0_97-98.csv,E0_97-98
England,21/05/17,http://www.football-data.co.uk/mmz4281/9798/E1.csv,97-98,E1,C:/R Projects/football-data/raw_data/E1_97-98.csv,E1_97-98
England,21/05/17,http://www.football-data.co.uk/mmz4281/9798/E2.csv,97-98,E2,C:/R Projects/football-data/raw_data/E2_97-98.csv,E2_97-98
England,21/05/17,http://www.football-data.co.uk/mmz4281/9798/E3.csv,97-98,E3,C:/R Projects/football-data/raw_data/E3_97-98.csv,E3_97-98
England,21/05/17,http://www.football-data.co.uk/mmz4281/9697/E0.csv,96-97,E0,C:/R Projects/football-data/raw_data/E0_96-97.csv,E0_96-97
England,21/05/17,http://www.football-data.co.uk/mmz4281/9697/E1.csv,96-97,E1,C:/R Projects/football-data/raw_data/E1_96-97.csv,E1_96-97
England,21/05/17,http://www.football-data.co.uk/mmz4281/9697/E2.csv,96-97,E2,C:/R Projects/football-data/raw_data/E2_96-97.csv,E2_96-97
England,21/05/17,http://www.football-data.co.uk/mmz4281/9697/E3.csv,96-97,E3,C:/R Projects/football-data/raw_data/E3_96-97.csv,E3_96-97
England,21/05/17,http://www.football-data.co.uk/mmz4281/9596/E0.csv,95-96,E0,C:/R Projects/football-data/raw_data/E0_95-96.csv,E0_95-96
England,21/05/17,http://www.football-data.co.uk/mmz4281/9596/E1.csv,95-96,E1,C:/R Projects/football-data/raw_data/E1_95-96.csv,E1_95-96
England,21/05/17,http://www.football-data.co.uk/mmz4281/9596/E2.csv,95-96,E2,C:/R Projects/football-data/raw_data/E2_95-96.csv,E2_95-96
England,21/05/17,http://www.football-data.co.uk/mmz4281/9596/E3.csv,95-96,E3,C:/R Projects/football-data/raw_data/E3_95-96.csv,E3_95-96
England,21/05/17,http://www.football-data.co.uk/mmz4281/9495/E0.csv,94-95,E0,C:/R Projects/football-data/raw_data/E0_94-95.csv,E0_94-95
England,21/05/17,http://www.football-data.co.uk/mmz4281/9495/E1.csv,94-95,E1,C:/R Projects/football-data/raw_data/E1_94-95.csv,E1_94-95
England,21/05/17,http://www.football-data.co.uk/mmz4281/9495/E2.csv,94-95,E2,C:/R Projects/football-data/raw_data/E2_94-95.csv,E2_94-95
England,21/05/17,http://www.football-data.co.uk/mmz4281/9495/E3.csv,94-95,E3,C:/R Projects/football-data/raw_data/E3_94-95.csv,E3_94-95
England,21/05/17,http://www.football-data.co.uk/mmz4281/9394/E0.csv,93-94,E0,C:/R Projects/football-data/raw_data/E0_93-94.csv,E0_93-94
England,21/05/17,http://www.football-data.co.uk/mmz4281/9394/E1.csv,93-94,E1,C:/R Projects/football-data/raw_data/E1_93-94.csv,E1_93-94
England,21/05/17,http://www.football-data.co.uk/mmz4281/9394/E2.csv,93-94,E2,C:/R Projects/football-data/raw_data/E2_93-94.csv,E2_93-94
England,21/05/17,http://www.football-data.co.uk/mmz4281/9394/E3.csv,93-94,E3,C:/R Projects/football-data/raw_data/E3_93-94.csv,E3_93-94
Scotland,21/05/17,http://www.football-data.co.uk/mmz4281/1617/SC0.csv,16-17,SC0,C:/R Projects/football-data/raw_data/SC0_16-17.csv,SC0_16-17
Scotland,21/05/17,http://www.football-data.co.uk/mmz4281/1617/SC1.csv,16-17,SC1,C:/R Projects/football-data/raw_data/SC1_16-17.csv,SC1_16-17
Scotland,21/05/17,http://www.football-data.co.uk/mmz4281/1617/SC2.csv,16-17,SC2,C:/R Projects/football-data/raw_data/SC2_16-17.csv,SC2_16-17
Scotland,21/05/17,http://www.football-data.co.uk/mmz4281/1617/SC3.csv,16-17,SC3,C:/R Projects/football-data/raw_data/SC3_16-17.csv,SC3_16-17
Scotland,21/05/17,http://www.football-data.co.uk/mmz4281/1516/SC0.csv,15-16,SC0,C:/R Projects/football-data/raw_data/SC0_15-16.csv,SC0_15-16
Scotland,21/05/17,http://www.football-data.co.uk/mmz4281/1516/SC1.csv,15-16,SC1,C:/R Projects/football-data/raw_data/SC1_15-16.csv,SC1_15-16
Scotland,21/05/17,http://www.football-data.co.uk/mmz4281/1516/SC2.csv,15-16,SC2,C:/R Projects/football-data/raw_data/SC2_15-16.csv,SC2_15-16
Scotland,21/05/17,http://www.football-data.co.uk/mmz4281/1516/SC3.csv,15-16,SC3,C:/R Projects/football-data/raw_data/SC3_15-16.csv,SC3_15-16
Scotland,21/05/17,http://www.football-data.co.uk/mmz4281/1415/SC0.csv,14-15,SC0,C:/R Projects/football-data/raw_data/SC0_14-15.csv,SC0_14-15
Scotland,21/05/17,http://www.football-data.co.uk/mmz4281/1415/SC1.csv,14-15,SC1,C:/R Projects/football-data/raw_data/SC1_14-15.csv,SC1_14-15
Scotland,21/05/17,http://www.football-data.co.uk/mmz4281/1415/SC2.csv,14-15,SC2,C:/R Projects/football-data/raw_data/SC2_14-15.csv,SC2_14-15
Scotland,21/05/17,http://www.football-data.co.uk/mmz4281/1415/SC3.csv,14-15,SC3,C:/R Projects/football-data/raw_data/SC3_14-15.csv,SC3_14-15
Scotland,21/05/17,http://www.football-data.co.uk/mmz4281/1314/SC0.csv,13-14,SC0,C:/R Projects/football-data/raw_data/SC0_13-14.csv,SC0_13-14
Scotland,21/05/17,http://www.football-data.co.uk/mmz4281/1314/SC1.csv,13-14,SC1,C:/R Projects/football-data/raw_data/SC1_13-14.csv,SC1_13-14
Scotland,21/05/17,http://www.football-data.co.uk/mmz4281/1314/SC2.csv,13-14,SC2,C:/R Projects/football-data/raw_data/SC2_13-14.csv,SC2_13-14
Scotland,21/05/17,http://www.football-data.co.uk/mmz4281/1314/SC3.csv,13-14,SC3,C:/R Projects/football-data/raw_data/SC3_13-14.csv,SC3_13-14
Scotland,21/05/17,http://www.football-data.co.uk/mmz4281/1213/SC0.csv,12-13,SC0,C:/R Projects/football-data/raw_data/SC0_12-13.csv,SC0_12-13
Scotland,21/05/17,http://www.football-data.co.uk/mmz4281/1213/SC1.csv,12-13,SC1,C:/R Projects/football-data/raw_data/SC1_12-13.csv,SC1_12-13
Scotland,21/05/17,http://www.football-data.co.uk/mmz4281/1213/SC2.csv,12-13,SC2,C:/R Projects/football-data/raw_data/SC2_12-13.csv,SC2_12-13
Scotland,21/05/17,http://www.football-data.co.uk/mmz4281/1213/SC3.csv,12-13,SC3,C:/R Projects/football-data/raw_data/SC3_12-13.csv,SC3_12-13
Scotland,21/05/17,http://www.football-data.co.uk/mmz4281/1112/SC0.csv,11-12,SC0,C:/R Projects/football-data/raw_data/SC0_11-12.csv,SC0_11-12
Scotland,21/05/17,http://www.football-data.co.uk/mmz4281/1112/SC1.csv,11-12,SC1,C:/R Projects/football-data/raw_data/SC1_11-12.csv,SC1_11-12
Scotland,21/05/17,http://www.football-data.co.uk/mmz4281/1112/SC2.csv,11-12,SC2,C:/R Projects/football-data/raw_data/SC2_11-12.csv,SC2_11-12
Scotland,21/05/17,http://www.football-data.co.uk/mmz4281/1112/SC3.csv,11-12,SC3,C:/R Projects/football-data/raw_data/SC3_11-12.csv,SC3_11-12
Scotland,21/05/17,http://www.football-data.co.uk/mmz4281/1011/SC0.csv,10-11,SC0,C:/R Projects/football-data/raw_data/SC0_10-11.csv,SC0_10-11
Scotland,21/05/17,http://www.football-data.co.uk/mmz4281/1011/SC1.csv,10-11,SC1,C:/R Projects/football-data/raw_data/SC1_10-11.csv,SC1_10-11
Scotland,21/05/17,http://www.football-data.co.uk/mmz4281/1011/SC2.csv,10-11,SC2,C:/R Projects/football-data/raw_data/SC2_10-11.csv,SC2_10-11
Scotland,21/05/17,http://www.football-data.co.uk/mmz4281/1011/SC3.csv,10-11,SC3,C:/R Projects/football-data/raw_data/SC3_10-11.csv,SC3_10-11
Scotland,21/05/17,http://www.football-data.co.uk/mmz4281/0910/SC0.csv,09-10,SC0,C:/R Projects/football-data/raw_data/SC0_09-10.csv,SC0_09-10
Scotland,21/05/17,http://www.football-data.co.uk/mmz4281/0910/SC1.csv,09-10,SC1,C:/R Projects/football-data/raw_data/SC1_09-10.csv,SC1_09-10
Scotland,21/05/17,http://www.football-data.co.uk/mmz4281/0910/SC2.csv,09-10,SC2,C:/R Projects/football-data/raw_data/SC2_09-10.csv,SC2_09-10
Scotland,21/05/17,http://www.football-data.co.uk/mmz4281/0910/SC3.csv,09-10,SC3,C:/R Projects/football-data/raw_data/SC3_09-10.csv,SC3_09-10
Scotland,21/05/17,http://www.football-data.co.uk/mmz4281/0809/SC0.csv,08-09,SC0,C:/R Projects/football-data/raw_data/SC0_08-09.csv,SC0_08-09
Scotland,21/05/17,http://www.football-data.co.uk/mmz4281/0809/SC1.csv,08-09,SC1,C:/R Projects/football-data/raw_data/SC1_08-09.csv,SC1_08-09
Scotland,21/05/17,http://www.football-data.co.uk/mmz4281/0809/SC2.csv,08-09,SC2,C:/R Projects/football-data/raw_data/SC2_08-09.csv,SC2_08-09
Scotland,21/05/17,http://www.football-data.co.uk/mmz4281/0809/SC3.csv,08-09,SC3,C:/R Projects/football-data/raw_data/SC3_08-09.csv,SC3_08-09
Scotland,21/05/17,http://www.football-data.co.uk/mmz4281/0708/SC0.csv,07-08,SC0,C:/R Projects/football-data/raw_data/SC0_07-08.csv,SC0_07-08
Scotland,21/05/17,http://www.football-data.co.uk/mmz4281/0708/SC1.csv,07-08,SC1,C:/R Projects/football-data/raw_data/SC1_07-08.csv,SC1_07-08
Scotland,21/05/17,http://www.football-data.co.uk/mmz4281/0708/SC2.csv,07-08,SC2,C:/R Projects/football-data/raw_data/SC2_07-08.csv,SC2_07-08
Scotland,21/05/17,http://www.football-data.co.uk/mmz4281/0708/SC3.csv,07-08,SC3,C:/R Projects/football-data/raw_data/SC3_07-08.csv,SC3_07-08
Scotland,21/05/17,http://www.football-data.co.uk/mmz4281/0607/SC0.csv,06-07,SC0,C:/R Projects/football-data/raw_data/SC0_06-07.csv,SC0_06-07
Scotland,21/05/17,http://www.football-data.co.uk/mmz4281/0607/SC1.csv,06-07,SC1,C:/R Projects/football-data/raw_data/SC1_06-07.csv,SC1_06-07
Scotland,21/05/17,http://www.football-data.co.uk/mmz4281/0607/SC2.csv,06-07,SC2,C:/R Projects/football-data/raw_data/SC2_06-07.csv,SC2_06-07
Scotland,21/05/17,http://www.football-data.co.uk/mmz4281/0607/SC3.csv,06-07,SC3,C:/R Projects/football-data/raw_data/SC3_06-07.csv,SC3_06-07
Scotland,21/05/17,http://www.football-data.co.uk/mmz4281/0506/SC0.csv,05-06,SC0,C:/R Projects/football-data/raw_data/SC0_05-06.csv,SC0_05-06
Scotland,21/05/17,http://www.football-data.co.uk/mmz4281/0506/SC1.csv,05-06,SC1,C:/R Projects/football-data/raw_data/SC1_05-06.csv,SC1_05-06
Scotland,21/05/17,http://www.football-data.co.uk/mmz4281/0506/SC2.csv,05-06,SC2,C:/R Projects/football-data/raw_data/SC2_05-06.csv,SC2_05-06
Scotland,21/05/17,http://www.football-data.co.uk/mmz4281/0506/SC3.csv,05-06,SC3,C:/R Projects/football-data/raw_data/SC3_05-06.csv,SC3_05-06
Scotland,21/05/17,http://www.football-data.co.uk/mmz4281/0405/SC0.csv,04-05,SC0,C:/R Projects/football-data/raw_data/SC0_04-05.csv,SC0_04-05
Scotland,21/05/17,http://www.football-data.co.uk/mmz4281/0405/SC1.csv,04-05,SC1,C:/R Projects/football-data/raw_data/SC1_04-05.csv,SC1_04-05
Scotland,21/05/17,http://www.football-data.co.uk/mmz4281/0405/SC2.csv,04-05,SC2,C:/R Projects/football-data/raw_data/SC2_04-05.csv,SC2_04-05
Scotland,21/05/17,http://www.football-data.co.uk/mmz4281/0405/SC3.csv,04-05,SC3,C:/R Projects/football-data/raw_data/SC3_04-05.csv,SC3_04-05
Scotland,21/05/17,http://www.football-data.co.uk/mmz4281/0304/SC0.csv,03-04,SC0,C:/R Projects/football-data/raw_data/SC0_03-04.csv,SC0_03-04
Scotland,21/05/17,http://www.football-data.co.uk/mmz4281/0304/SC1.csv,03-04,SC1,C:/R Projects/football-data/raw_data/SC1_03-04.csv,SC1_03-04
Scotland,21/05/17,http://www.football-data.co.uk/mmz4281/0304/SC2.csv,03-04,SC2,C:/R Projects/football-data/raw_data/SC2_03-04.csv,SC2_03-04
Scotland,21/05/17,http://www.football-data.co.uk/mmz4281/0304/SC3.csv,03-04,SC3,C:/R Projects/football-data/raw_data/SC3_03-04.csv,SC3_03-04
Scotland,21/05/17,http://www.football-data.co.uk/mmz4281/0203/SC0.csv,02-03,SC0,C:/R Projects/football-data/raw_data/SC0_02-03.csv,SC0_02-03
Scotland,21/05/17,http://www.football-data.co.uk/mmz4281/0203/SC1.csv,02-03,SC1,C:/R Projects/football-data/raw_data/SC1_02-03.csv,SC1_02-03
Scotland,21/05/17,http://www.football-data.co.uk/mmz4281/0203/SC2.csv,02-03,SC2,C:/R Projects/football-data/raw_data/SC2_02-03.csv,SC2_02-03
Scotland,21/05/17,http://www.football-data.co.uk/mmz4281/0203/SC3.csv,02-03,SC3,C:/R Projects/football-data/raw_data/SC3_02-03.csv,SC3_02-03
Scotland,21/05/17,http://www.football-data.co.uk/mmz4281/0102/SC0.csv,01-02,SC0,C:/R Projects/football-data/raw_data/SC0_01-02.csv,SC0_01-02
Scotland,21/05/17,http://www.football-data.co.uk/mmz4281/0102/SC1.csv,01-02,SC1,C:/R Projects/football-data/raw_data/SC1_01-02.csv,SC1_01-02
Scotland,21/05/17,http://www.football-data.co.uk/mmz4281/0102/SC2.csv,01-02,SC2,C:/R Projects/football-data/raw_data/SC2_01-02.csv,SC2_01-02
Scotland,21/05/17,http://www.football-data.co.uk/mmz4281/0102/SC3.csv,01-02,SC3,C:/R Projects/football-data/raw_data/SC3_01-02.csv,SC3_01-02
Scotland,21/05/17,http://www.football-data.co.uk/mmz4281/0001/SC0.csv,00-01,SC0,C:/R Projects/football-data/raw_data/SC0_00-01.csv,SC0_00-01
Scotland,21/05/17,http://www.football-data.co.uk/mmz4281/0001/SC1.csv,00-01,SC1,C:/R Projects/football-data/raw_data/SC1_00-01.csv,SC1_00-01
Scotland,21/05/17,http://www.football-data.co.uk/mmz4281/0001/SC2.csv,00-01,SC2,C:/R Projects/football-data/raw_data/SC2_00-01.csv,SC2_00-01
Scotland,21/05/17,http://www.football-data.co.uk/mmz4281/0001/SC3.csv,00-01,SC3,C:/R Projects/football-data/raw_data/SC3_00-01.csv,SC3_00-01
Scotland,21/05/17,http://www.football-data.co.uk/mmz4281/9900/SC0.csv,99-00,SC0,C:/R Projects/football-data/raw_data/SC0_99-00.csv,SC0_99-00
Scotland,21/05/17,http://www.football-data.co.uk/mmz4281/9900/SC1.csv,99-00,SC1,C:/R Projects/football-data/raw_data/SC1_99-00.csv,SC1_99-00
Scotland,21/05/17,http://www.football-data.co.uk/mmz4281/9900/SC2.csv,99-00,SC2,C:/R Projects/football-data/raw_data/SC2_99-00.csv,SC2_99-00
Scotland,21/05/17,http://www.football-data.co.uk/mmz4281/9900/SC3.csv,99-00,SC3,C:/R Projects/football-data/raw_data/SC3_99-00.csv,SC3_99-00
Scotland,21/05/17,http://www.football-data.co.uk/mmz4281/9899/SC0.csv,98-99,SC0,C:/R Projects/football-data/raw_data/SC0_98-99.csv,SC0_98-99
Scotland,21/05/17,http://www.football-data.co.uk/mmz4281/9899/SC1.csv,98-99,SC1,C:/R Projects/football-data/raw_data/SC1_98-99.csv,SC1_98-99
Scotland,21/05/17,http://www.football-data.co.uk/mmz4281/9899/SC2.csv,98-99,SC2,C:/R Projects/football-data/raw_data/SC2_98-99.csv,SC2_98-99
Scotland,21/05/17,http://www.football-data.co.uk/mmz4281/9899/SC3.csv,98-99,SC3,C:/R Projects/football-data/raw_data/SC3_98-99.csv,SC3_98-99
Scotland,21/05/17,http://www.football-data.co.uk/mmz4281/9798/SC0.csv,97-98,SC0,C:/R Projects/football-data/raw_data/SC0_97-98.csv,SC0_97-98
Scotland,21/05/17,http://www.football-data.co.uk/mmz4281/9798/SC1.csv,97-98,SC1,C:/R Projects/football-data/raw_data/SC1_97-98.csv,SC1_97-98
Scotland,21/05/17,http://www.football-data.co.uk/mmz4281/9798/SC2.csv,97-98,SC2,C:/R Projects/football-data/raw_data/SC2_97-98.csv,SC2_97-98
Scotland,21/05/17,http://www.football-data.co.uk/mmz4281/9798/SC3.csv,97-98,SC3,C:/R Projects/football-data/raw_data/SC3_97-98.csv,SC3_97-98
Scotland,21/05/17,http://www.football-data.co.uk/mmz4281/9697/SC0.csv,96-97,SC0,C:/R Projects/football-data/raw_data/SC0_96-97.csv,SC0_96-97
Scotland,21/05/17,http://www.football-data.co.uk/mmz4281/9697/SC1.csv,96-97,SC1,C:/R Projects/football-data/raw_data/SC1_96-97.csv,SC1_96-97
Scotland,21/05/17,http://www.football-data.co.uk/mmz4281/9596/SC0.csv,95-96,SC0,C:/R Projects/football-data/raw_data/SC0_95-96.csv,SC0_95-96
Scotland,21/05/17,http://www.football-data.co.uk/mmz4281/9596/SC1.csv,95-96,SC1,C:/R Projects/football-data/raw_data/SC1_95-96.csv,SC1_95-96
Scotland,21/05/17,http://www.football-data.co.uk/mmz4281/9495/SC0.csv,94-95,SC0,C:/R Projects/football-data/raw_data/SC0_94-95.csv,SC0_94-95
Scotland,21/05/17,http://www.football-data.co.uk/mmz4281/9495/SC1.csv,94-95,SC1,C:/R Projects/football-data/raw_data/SC1_94-95.csv,SC1_94-95
Germany,21/05/17,http://www.football-data.co.uk/mmz4281/1617/D1.csv,16-17,D1,C:/R Projects/football-data/raw_data/D1_16-17.csv,D1_16-17
Germany,21/05/17,http://www.football-data.co.uk/mmz4281/1617/D2.csv,16-17,D2,C:/R Projects/football-data/raw_data/D2_16-17.csv,D2_16-17
Germany,21/05/17,http://www.football-data.co.uk/mmz4281/1516/D1.csv,15-16,D1,C:/R Projects/football-data/raw_data/D1_15-16.csv,D1_15-16
Germany,21/05/17,http://www.football-data.co.uk/mmz4281/1516/D2.csv,15-16,D2,C:/R Projects/football-data/raw_data/D2_15-16.csv,D2_15-16
Germany,21/05/17,http://www.football-data.co.uk/mmz4281/1415/D1.csv,14-15,D1,C:/R Projects/football-data/raw_data/D1_14-15.csv,D1_14-15
Germany,21/05/17,http://www.football-data.co.uk/mmz4281/1415/D2.csv,14-15,D2,C:/R Projects/football-data/raw_data/D2_14-15.csv,D2_14-15
Germany,21/05/17,http://www.football-data.co.uk/mmz4281/1314/D1.csv,13-14,D1,C:/R Projects/football-data/raw_data/D1_13-14.csv,D1_13-14
Germany,21/05/17,http://www.football-data.co.uk/mmz4281/1314/D2.csv,13-14,D2,C:/R Projects/football-data/raw_data/D2_13-14.csv,D2_13-14
Germany,21/05/17,http://www.football-data.co.uk/mmz4281/1213/D1.csv,12-13,D1,C:/R Projects/football-data/raw_data/D1_12-13.csv,D1_12-13
Germany,21/05/17,http://www.football-data.co.uk/mmz4281/1213/D2.csv,12-13,D2,C:/R Projects/football-data/raw_data/D2_12-13.csv,D2_12-13
Germany,21/05/17,http://www.football-data.co.uk/mmz4281/1112/D1.csv,11-12,D1,C:/R Projects/football-data/raw_data/D1_11-12.csv,D1_11-12
Germany,21/05/17,http://www.football-data.co.uk/mmz4281/1112/D2.csv,11-12,D2,C:/R Projects/football-data/raw_data/D2_11-12.csv,D2_11-12
Germany,21/05/17,http://www.football-data.co.uk/mmz4281/1011/D1.csv,10-11,D1,C:/R Projects/football-data/raw_data/D1_10-11.csv,D1_10-11
Germany,21/05/17,http://www.football-data.co.uk/mmz4281/1011/D2.csv,10-11,D2,C:/R Projects/football-data/raw_data/D2_10-11.csv,D2_10-11
Germany,21/05/17,http://www.football-data.co.uk/mmz4281/0910/D1.csv,09-10,D1,C:/R Projects/football-data/raw_data/D1_09-10.csv,D1_09-10
Germany,21/05/17,http://www.football-data.co.uk/mmz4281/0910/D2.csv,09-10,D2,C:/R Projects/football-data/raw_data/D2_09-10.csv,D2_09-10
Germany,21/05/17,http://www.football-data.co.uk/mmz4281/0809/D1.csv,08-09,D1,C:/R Projects/football-data/raw_data/D1_08-09.csv,D1_08-09
Germany,21/05/17,http://www.football-data.co.uk/mmz4281/0809/D2.csv,08-09,D2,C:/R Projects/football-data/raw_data/D2_08-09.csv,D2_08-09
Germany,21/05/17,http://www.football-data.co.uk/mmz4281/0708/D1.csv,07-08,D1,C:/R Projects/football-data/raw_data/D1_07-08.csv,D1_07-08
Germany,21/05/17,http://www.football-data.co.uk/mmz4281/0708/D2.csv,07-08,D2,C:/R Projects/football-data/raw_data/D2_07-08.csv,D2_07-08
Germany,21/05/17,http://www.football-data.co.uk/mmz4281/0607/D1.csv,06-07,D1,C:/R Projects/football-data/raw_data/D1_06-07.csv,D1_06-07
Germany,21/05/17,http://www.football-data.co.uk/mmz4281/0607/D2.csv,06-07,D2,C:/R Projects/football-data/raw_data/D2_06-07.csv,D2_06-07
Germany,21/05/17,http://www.football-data.co.uk/mmz4281/0506/D1.csv,05-06,D1,C:/R Projects/football-data/raw_data/D1_05-06.csv,D1_05-06
Germany,21/05/17,http://www.football-data.co.uk/mmz4281/0506/D2.csv,05-06,D2,C:/R Projects/football-data/raw_data/D2_05-06.csv,D2_05-06
Germany,21/05/17,http://www.football-data.co.uk/mmz4281/0405/D1.csv,04-05,D1,C:/R Projects/football-data/raw_data/D1_04-05.csv,D1_04-05
Germany,21/05/17,http://www.football-data.co.uk/mmz4281/0405/D2.csv,04-05,D2,C:/R Projects/football-data/raw_data/D2_04-05.csv,D2_04-05
Germany,21/05/17,http://www.football-data.co.uk/mmz4281/0304/D1.csv,03-04,D1,C:/R Projects/football-data/raw_data/D1_03-04.csv,D1_03-04
Germany,21/05/17,http://www.football-data.co.uk/mmz4281/0304/D2.csv,03-04,D2,C:/R Projects/football-data/raw_data/D2_03-04.csv,D2_03-04
Germany,21/05/17,http://www.football-data.co.uk/mmz4281/0203/D1.csv,02-03,D1,C:/R Projects/football-data/raw_data/D1_02-03.csv,D1_02-03
Germany,21/05/17,http://www.football-data.co.uk/mmz4281/0203/D2.csv,02-03,D2,C:/R Projects/football-data/raw_data/D2_02-03.csv,D2_02-03
Germany,21/05/17,http://www.football-data.co.uk/mmz4281/0102/D1.csv,01-02,D1,C:/R Projects/football-data/raw_data/D1_01-02.csv,D1_01-02
Germany,21/05/17,http://www.football-data.co.uk/mmz4281/0102/D2.csv,01-02,D2,C:/R Projects/football-data/raw_data/D2_01-02.csv,D2_01-02
Germany,21/05/17,http://www.football-data.co.uk/mmz4281/0001/D1.csv,00-01,D1,C:/R Projects/football-data/raw_data/D1_00-01.csv,D1_00-01
Germany,21/05/17,http://www.football-data.co.uk/mmz4281/0001/D2.csv,00-01,D2,C:/R Projects/football-data/raw_data/D2_00-01.csv,D2_00-01
Germany,21/05/17,http://www.football-data.co.uk/mmz4281/9900/D1.csv,99-00,D1,C:/R Projects/football-data/raw_data/D1_99-00.csv,D1_99-00
Germany,21/05/17,http://www.football-data.co.uk/mmz4281/9900/D2.csv,99-00,D2,C:/R Projects/football-data/raw_data/D2_99-00.csv,D2_99-00
Germany,21/05/17,http://www.football-data.co.uk/mmz4281/9899/D1.csv,98-99,D1,C:/R Projects/football-data/raw_data/D1_98-99.csv,D1_98-99
Germany,21/05/17,http://www.football-data.co.uk/mmz4281/9899/D2.csv,98-99,D2,C:/R Projects/football-data/raw_data/D2_98-99.csv,D2_98-99
Germany,21/05/17,http://www.football-data.co.uk/mmz4281/9798/D1.csv,97-98,D1,C:/R Projects/football-data/raw_data/D1_97-98.csv,D1_97-98
Germany,21/05/17,http://www.football-data.co.uk/mmz4281/9798/D2.csv,97-98,D2,C:/R Projects/football-data/raw_data/D2_97-98.csv,D2_97-98
Germany,21/05/17,http://www.football-data.co.uk/mmz4281/9697/D1.csv,96-97,D1,C:/R Projects/football-data/raw_data/D1_96-97.csv,D1_96-97
Germany,21/05/17,http://www.football-data.co.uk/mmz4281/9697/D2.csv,96-97,D2,C:/R Projects/football-data/raw_data/D2_96-97.csv,D2_96-97
Germany,21/05/17,http://www.football-data.co.uk/mmz4281/9596/D1.csv,95-96,D1,C:/R Projects/football-data/raw_data/D1_95-96.csv,D1_95-96
Germany,21/05/17,http://www.football-data.co.uk/mmz4281/9596/D2.csv,95-96,D2,C:/R Projects/football-data/raw_data/D2_95-96.csv,D2_95-96
Germany,21/05/17,http://www.football-data.co.uk/mmz4281/9495/D1.csv,94-95,D1,C:/R Projects/football-data/raw_data/D1_94-95.csv,D1_94-95
Germany,21/05/17,http://www.football-data.co.uk/mmz4281/9495/D2.csv,94-95,D2,C:/R Projects/football-data/raw_data/D2_94-95.csv,D2_94-95
Germany,21/05/17,http://www.football-data.co.uk/mmz4281/9394/D1.csv,93-94,D1,C:/R Projects/football-data/raw_data/D1_93-94.csv,D1_93-94
Germany,21/05/17,http://www.football-data.co.uk/mmz4281/9394/D2.csv,93-94,D2,C:/R Projects/football-data/raw_data/D2_93-94.csv,D2_93-94
Italy,28/05/17,http://www.football-data.co.uk/mmz4281/1617/I1.csv,16-17,I1,C:/R Projects/football-data/raw_data/I1_16-17.csv,I1_16-17
Italy,28/05/17,http://www.football-data.co.uk/mmz4281/1617/I2.csv,16-17,I2,C:/R Projects/football-data/raw_data/I2_16-17.csv,I2_16-17
Italy,28/05/17,http://www.football-data.co.uk/mmz4281/1516/I1.csv,15-16,I1,C:/R Projects/football-data/raw_data/I1_15-16.csv,I1_15-16
Italy,28/05/17,http://www.football-data.co.uk/mmz4281/1516/I2.csv,15-16,I2,C:/R Projects/football-data/raw_data/I2_15-16.csv,I2_15-16
Italy,28/05/17,http://www.football-data.co.uk/mmz4281/1415/I1.csv,14-15,I1,C:/R Projects/football-data/raw_data/I1_14-15.csv,I1_14-15
Italy,28/05/17,http://www.football-data.co.uk/mmz4281/1415/I2.csv,14-15,I2,C:/R Projects/football-data/raw_data/I2_14-15.csv,I2_14-15
Italy,28/05/17,http://www.football-data.co.uk/mmz4281/1314/I1.csv,13-14,I1,C:/R Projects/football-data/raw_data/I1_13-14.csv,I1_13-14
Italy,28/05/17,http://www.football-data.co.uk/mmz4281/1314/I2.csv,13-14,I2,C:/R Projects/football-data/raw_data/I2_13-14.csv,I2_13-14
Italy,28/05/17,http://www.football-data.co.uk/mmz4281/1213/I1.csv,12-13,I1,C:/R Projects/football-data/raw_data/I1_12-13.csv,I1_12-13
Italy,28/05/17,http://www.football-data.co.uk/mmz4281/1213/I2.csv,12-13,I2,C:/R Projects/football-data/raw_data/I2_12-13.csv,I2_12-13
Italy,28/05/17,http://www.football-data.co.uk/mmz4281/1112/I1.csv,11-12,I1,C:/R Projects/football-data/raw_data/I1_11-12.csv,I1_11-12
Italy,28/05/17,http://www.football-data.co.uk/mmz4281/1112/I2.csv,11-12,I2,C:/R Projects/football-data/raw_data/I2_11-12.csv,I2_11-12
Italy,28/05/17,http://www.football-data.co.uk/mmz4281/1011/I1.csv,10-11,I1,C:/R Projects/football-data/raw_data/I1_10-11.csv,I1_10-11
Italy,28/05/17,http://www.football-data.co.uk/mmz4281/1011/I2.csv,10-11,I2,C:/R Projects/football-data/raw_data/I2_10-11.csv,I2_10-11
Italy,28/05/17,http://www.football-data.co.uk/mmz4281/0910/I1.csv,09-10,I1,C:/R Projects/football-data/raw_data/I1_09-10.csv,I1_09-10
Italy,28/05/17,http://www.football-data.co.uk/mmz4281/0910/I2.csv,09-10,I2,C:/R Projects/football-data/raw_data/I2_09-10.csv,I2_09-10
Italy,28/05/17,http://www.football-data.co.uk/mmz4281/0809/I1.csv,08-09,I1,C:/R Projects/football-data/raw_data/I1_08-09.csv,I1_08-09
Italy,28/05/17,http://www.football-data.co.uk/mmz4281/0809/I2.csv,08-09,I2,C:/R Projects/football-data/raw_data/I2_08-09.csv,I2_08-09
Italy,28/05/17,http://www.football-data.co.uk/mmz4281/0708/I1.csv,07-08,I1,C:/R Projects/football-data/raw_data/I1_07-08.csv,I1_07-08
Italy,28/05/17,http://www.football-data.co.uk/mmz4281/0708/I2.csv,07-08,I2,C:/R Projects/football-data/raw_data/I2_07-08.csv,I2_07-08
Italy,28/05/17,http://www.football-data.co.uk/mmz4281/0607/I1.csv,06-07,I1,C:/R Projects/football-data/raw_data/I1_06-07.csv,I1_06-07
Italy,28/05/17,http://www.football-data.co.uk/mmz4281/0607/I2.csv,06-07,I2,C:/R Projects/football-data/raw_data/I2_06-07.csv,I2_06-07
Italy,28/05/17,http://www.football-data.co.uk/mmz4281/0506/I1.csv,05-06,I1,C:/R Projects/football-data/raw_data/I1_05-06.csv,I1_05-06
Italy,28/05/17,http://www.football-data.co.uk/mmz4281/0506/I2.csv,05-06,I2,C:/R Projects/football-data/raw_data/I2_05-06.csv,I2_05-06
Italy,28/05/17,http://www.football-data.co.uk/mmz4281/0405/I1.csv,04-05,I1,C:/R Projects/football-data/raw_data/I1_04-05.csv,I1_04-05
Italy,28/05/17,http://www.football-data.co.uk/mmz4281/0405/I2.csv,04-05,I2,C:/R Projects/football-data/raw_data/I2_04-05.csv,I2_04-05
Italy,28/05/17,http://www.football-data.co.uk/mmz4281/0304/I1.csv,03-04,I1,C:/R Projects/football-data/raw_data/I1_03-04.csv,I1_03-04
Italy,28/05/17,http://www.football-data.co.uk/mmz4281/0304/I2.csv,03-04,I2,C:/R Projects/football-data/raw_data/I2_03-04.csv,I2_03-04
Italy,28/05/17,http://www.football-data.co.uk/mmz4281/0203/I1.csv,02-03,I1,C:/R Projects/football-data/raw_data/I1_02-03.csv,I1_02-03
Italy,28/05/17,http://www.football-data.co.uk/mmz4281/0203/I2.csv,02-03,I2,C:/R Projects/football-data/raw_data/I2_02-03.csv,I2_02-03
Italy,28/05/17,http://www.football-data.co.uk/mmz4281/0102/I1.csv,01-02,I1,C:/R Projects/football-data/raw_data/I1_01-02.csv,I1_01-02
Italy,28/05/17,http://www.football-data.co.uk/mmz4281/0102/I2.csv,01-02,I2,C:/R Projects/football-data/raw_data/I2_01-02.csv,I2_01-02
Italy,28/05/17,http://www.football-data.co.uk/mmz4281/0001/I1.csv,00-01,I1,C:/R Projects/football-data/raw_data/I1_00-01.csv,I1_00-01
Italy,28/05/17,http://www.football-data.co.uk/mmz4281/0001/I2.csv,00-01,I2,C:/R Projects/football-data/raw_data/I2_00-01.csv,I2_00-01
Italy,28/05/17,http://www.football-data.co.uk/mmz4281/9900/I1.csv,99-00,I1,C:/R Projects/football-data/raw_data/I1_99-00.csv,I1_99-00
Italy,28/05/17,http://www.football-data.co.uk/mmz4281/9900/I2.csv,99-00,I2,C:/R Projects/football-data/raw_data/I2_99-00.csv,I2_99-00
Italy,28/05/17,http://www.football-data.co.uk/mmz4281/9899/I1.csv,98-99,I1,C:/R Projects/football-data/raw_data/I1_98-99.csv,I1_98-99
Italy,28/05/17,http://www.football-data.co.uk/mmz4281/9899/I2.csv,98-99,I2,C:/R Projects/football-data/raw_data/I2_98-99.csv,I2_98-99
Italy,28/05/17,http://www.football-data.co.uk/mmz4281/9798/I1.csv,97-98,I1,C:/R Projects/football-data/raw_data/I1_97-98.csv,I1_97-98
Italy,28/05/17,http://www.football-data.co.uk/mmz4281/9798/I2.csv,97-98,I2,C:/R Projects/football-data/raw_data/I2_97-98.csv,I2_97-98
Italy,28/05/17,http://www.football-data.co.uk/mmz4281/9697/I1.csv,96-97,I1,C:/R Projects/football-data/raw_data/I1_96-97.csv,I1_96-97
Italy,28/05/17,http://www.football-data.co.uk/mmz4281/9596/I1.csv,95-96,I1,C:/R Projects/football-data/raw_data/I1_95-96.csv,I1_95-96
Italy,28/05/17,http://www.football-data.co.uk/mmz4281/9495/I1.csv,94-95,I1,C:/R Projects/football-data/raw_data/I1_94-95.csv,I1_94-95
Italy,28/05/17,http://www.football-data.co.uk/mmz4281/9394/I1.csv,93-94,I1,C:/R Projects/football-data/raw_data/I1_93-94.csv,I1_93-94
Spain,11/06/17,http://www.football-data.co.uk/mmz4281/1617/SP1.csv,16-17,SP1,C:/R Projects/football-data/raw_data/SP1_16-17.csv,SP1_16-17
Spain,11/06/17,http://www.football-data.co.uk/mmz4281/1617/SP2.csv,16-17,SP2,C:/R Projects/football-data/raw_data/SP2_16-17.csv,SP2_16-17
Spain,11/06/17,http://www.football-data.co.uk/mmz4281/1516/SP1.csv,15-16,SP1,C:/R Projects/football-data/raw_data/SP1_15-16.csv,SP1_15-16
Spain,11/06/17,http://www.football-data.co.uk/mmz4281/1516/SP2.csv,15-16,SP2,C:/R Projects/football-data/raw_data/SP2_15-16.csv,SP2_15-16
Spain,11/06/17,http://www.football-data.co.uk/mmz4281/1415/SP1.csv,14-15,SP1,C:/R Projects/football-data/raw_data/SP1_14-15.csv,SP1_14-15
Spain,11/06/17,http://www.football-data.co.uk/mmz4281/1415/SP2.csv,14-15,SP2,C:/R Projects/football-data/raw_data/SP2_14-15.csv,SP2_14-15
Spain,11/06/17,http://www.football-data.co.uk/mmz4281/1314/SP1.csv,13-14,SP1,C:/R Projects/football-data/raw_data/SP1_13-14.csv,SP1_13-14
Spain,11/06/17,http://www.football-data.co.uk/mmz4281/1314/SP2.csv,13-14,SP2,C:/R Projects/football-data/raw_data/SP2_13-14.csv,SP2_13-14
Spain,11/06/17,http://www.football-data.co.uk/mmz4281/1213/SP1.csv,12-13,SP1,C:/R Projects/football-data/raw_data/SP1_12-13.csv,SP1_12-13
Spain,11/06/17,http://www.football-data.co.uk/mmz4281/1213/SP2.csv,12-13,SP2,C:/R Projects/football-data/raw_data/SP2_12-13.csv,SP2_12-13
Spain,11/06/17,http://www.football-data.co.uk/mmz4281/1112/SP1.csv,11-12,SP1,C:/R Projects/football-data/raw_data/SP1_11-12.csv,SP1_11-12
Spain,11/06/17,http://www.football-data.co.uk/mmz4281/1112/SP2.csv,11-12,SP2,C:/R Projects/football-data/raw_data/SP2_11-12.csv,SP2_11-12
Spain,11/06/17,http://www.football-data.co.uk/mmz4281/1011/SP1.csv,10-11,SP1,C:/R Projects/football-data/raw_data/SP1_10-11.csv,SP1_10-11
Spain,11/06/17,http://www.football-data.co.uk/mmz4281/1011/SP2.csv,10-11,SP2,C:/R Projects/football-data/raw_data/SP2_10-11.csv,SP2_10-11
Spain,11/06/17,http://www.football-data.co.uk/mmz4281/0910/SP1.csv,09-10,SP1,C:/R Projects/football-data/raw_data/SP1_09-10.csv,SP1_09-10
Spain,11/06/17,http://www.football-data.co.uk/mmz4281/0910/SP2.csv,09-10,SP2,C:/R Projects/football-data/raw_data/SP2_09-10.csv,SP2_09-10
Spain,11/06/17,http://www.football-data.co.uk/mmz4281/0809/SP1.csv,08-09,SP1,C:/R Projects/football-data/raw_data/SP1_08-09.csv,SP1_08-09
Spain,11/06/17,http://www.football-data.co.uk/mmz4281/0809/SP2.csv,08-09,SP2,C:/R Projects/football-data/raw_data/SP2_08-09.csv,SP2_08-09
Spain,11/06/17,http://www.football-data.co.uk/mmz4281/0708/SP1.csv,07-08,SP1,C:/R Projects/football-data/raw_data/SP1_07-08.csv,SP1_07-08
Spain,11/06/17,http://www.football-data.co.uk/mmz4281/0708/SP2.csv,07-08,SP2,C:/R Projects/football-data/raw_data/SP2_07-08.csv,SP2_07-08
Spain,11/06/17,http://www.football-data.co.uk/mmz4281/0607/SP1.csv,06-07,SP1,C:/R Projects/football-data/raw_data/SP1_06-07.csv,SP1_06-07
Spain,11/06/17,http://www.football-data.co.uk/mmz4281/0607/SP2.csv,06-07,SP2,C:/R Projects/football-data/raw_data/SP2_06-07.csv,SP2_06-07
Spain,11/06/17,http://www.football-data.co.uk/mmz4281/0506/SP1.csv,05-06,SP1,C:/R Projects/football-data/raw_data/SP1_05-06.csv,SP1_05-06
Spain,11/06/17,http://www.football-data.co.uk/mmz4281/0506/SP2.csv,05-06,SP2,C:/R Projects/football-data/raw_data/SP2_05-06.csv,SP2_05-06
Spain,11/06/17,http://www.football-data.co.uk/mmz4281/0405/SP1.csv,04-05,SP1,C:/R Projects/football-data/raw_data/SP1_04-05.csv,SP1_04-05
Spain,11/06/17,http://www.football-data.co.uk/mmz4281/0405/SP2.csv,04-05,SP2,C:/R Projects/football-data/raw_data/SP2_04-05.csv,SP2_04-05
Spain,11/06/17,http://www.football-data.co.uk/mmz4281/0304/SP1.csv,03-04,SP1,C:/R Projects/football-data/raw_data/SP1_03-04.csv,SP1_03-04
Spain,11/06/17,http://www.football-data.co.uk/mmz4281/0304/SP2.csv,03-04,SP2,C:/R Projects/football-data/raw_data/SP2_03-04.csv,SP2_03-04
Spain,11/06/17,http://www.football-data.co.uk/mmz4281/0203/SP1.csv,02-03,SP1,C:/R Projects/football-data/raw_data/SP1_02-03.csv,SP1_02-03
Spain,11/06/17,http://www.football-data.co.uk/mmz4281/0203/SP2.csv,02-03,SP2,C:/R Projects/football-data/raw_data/SP2_02-03.csv,SP2_02-03
Spain,11/06/17,http://www.football-data.co.uk/mmz4281/0102/SP1.csv,01-02,SP1,C:/R Projects/football-data/raw_data/SP1_01-02.csv,SP1_01-02
Spain,11/06/17,http://www.football-data.co.uk/mmz4281/0102/SP2.csv,01-02,SP2,C:/R Projects/football-data/raw_data/SP2_01-02.csv,SP2_01-02
Spain,11/06/17,http://www.football-data.co.uk/mmz4281/0001/SP1.csv,00-01,SP1,C:/R Projects/football-data/raw_data/SP1_00-01.csv,SP1_00-01
Spain,11/06/17,http://www.football-data.co.uk/mmz4281/0001/SP2.csv,00-01,SP2,C:/R Projects/football-data/raw_data/SP2_00-01.csv,SP2_00-01
Spain,11/06/17,http://www.football-data.co.uk/mmz4281/9900/SP1.csv,99-00,SP1,C:/R Projects/football-data/raw_data/SP1_99-00.csv,SP1_99-00
Spain,11/06/17,http://www.football-data.co.uk/mmz4281/9900/SP2.csv,99-00,SP2,C:/R Projects/football-data/raw_data/SP2_99-00.csv,SP2_99-00
Spain,11/06/17,http://www.football-data.co.uk/mmz4281/9899/SP1.csv,98-99,SP1,C:/R Projects/football-data/raw_data/SP1_98-99.csv,SP1_98-99
Spain,11/06/17,http://www.football-data.co.uk/mmz4281/9899/SP2.csv,98-99,SP2,C:/R Projects/football-data/raw_data/SP2_98-99.csv,SP2_98-99
Spain,11/06/17,http://www.football-data.co.uk/mmz4281/9798/SP1.csv,97-98,SP1,C:/R Projects/football-data/raw_data/SP1_97-98.csv,SP1_97-98
Spain,11/06/17,http://www.football-data.co.uk/mmz4281/9798/SP2.csv,97-98,SP2,C:/R Projects/football-data/raw_data/SP2_97-98.csv,SP2_97-98
Spain,11/06/17,http://www.football-data.co.uk/mmz4281/9697/SP1.csv,96-97,SP1,C:/R Projects/football-data/raw_data/SP1_96-97.csv,SP1_96-97
Spain,11/06/17,http://www.football-data.co.uk/mmz4281/9697/SP2.csv,96-97,SP2,C:/R Projects/football-data/raw_data/SP2_96-97.csv,SP2_96-97
Spain,11/06/17,http://www.football-data.co.uk/mmz4281/9596/SP1.csv,95-96,SP1,C:/R Projects/football-data/raw_data/SP1_95-96.csv,SP1_95-96
Spain,11/06/17,http://www.football-data.co.uk/mmz4281/9495/SP1.csv,94-95,SP1,C:/R Projects/football-data/raw_data/SP1_94-95.csv,SP1_94-95
Spain,11/06/17,http://www.football-data.co.uk/mmz4281/9394/SP1.csv,93-94,SP1,C:/R Projects/football-data/raw_data/SP1_93-94.csv,SP1_93-94
France,21/05/17,http://www.football-data.co.uk/mmz4281/1617/F1.csv,16-17,F1,C:/R Projects/football-data/raw_data/F1_16-17.csv,F1_16-17
France,21/05/17,http://www.football-data.co.uk/mmz4281/1617/F2.csv,16-17,F2,C:/R Projects/football-data/raw_data/F2_16-17.csv,F2_16-17
France,21/05/17,http://www.football-data.co.uk/mmz4281/1516/F1.csv,15-16,F1,C:/R Projects/football-data/raw_data/F1_15-16.csv,F1_15-16
France,21/05/17,http://www.football-data.co.uk/mmz4281/1516/F2.csv,15-16,F2,C:/R Projects/football-data/raw_data/F2_15-16.csv,F2_15-16
France,21/05/17,http://www.football-data.co.uk/mmz4281/1415/F1.csv,14-15,F1,C:/R Projects/football-data/raw_data/F1_14-15.csv,F1_14-15
France,21/05/17,http://www.football-data.co.uk/mmz4281/1415/F2.csv,14-15,F2,C:/R Projects/football-data/raw_data/F2_14-15.csv,F2_14-15
France,21/05/17,http://www.football-data.co.uk/mmz4281/1314/F1.csv,13-14,F1,C:/R Projects/football-data/raw_data/F1_13-14.csv,F1_13-14
France,21/05/17,http://www.football-data.co.uk/mmz4281/1314/F2.csv,13-14,F2,C:/R Projects/football-data/raw_data/F2_13-14.csv,F2_13-14
France,21/05/17,http://www.football-data.co.uk/mmz4281/1213/F1.csv,12-13,F1,C:/R Projects/football-data/raw_data/F1_12-13.csv,F1_12-13
France,21/05/17,http://www.football-data.co.uk/mmz4281/1213/F2.csv,12-13,F2,C:/R Projects/football-data/raw_data/F2_12-13.csv,F2_12-13
France,21/05/17,http://www.football-data.co.uk/mmz4281/1112/F1.csv,11-12,F1,C:/R Projects/football-data/raw_data/F1_11-12.csv,F1_11-12
France,21/05/17,http://www.football-data.co.uk/mmz4281/1112/F2.csv,11-12,F2,C:/R Projects/football-data/raw_data/F2_11-12.csv,F2_11-12
France,21/05/17,http://www.football-data.co.uk/mmz4281/1011/F1.csv,10-11,F1,C:/R Projects/football-data/raw_data/F1_10-11.csv,F1_10-11
France,21/05/17,http://www.football-data.co.uk/mmz4281/1011/F2.csv,10-11,F2,C:/R Projects/football-data/raw_data/F2_10-11.csv,F2_10-11
France,21/05/17,http://www.football-data.co.uk/mmz4281/0910/F1.csv,09-10,F1,C:/R Projects/football-data/raw_data/F1_09-10.csv,F1_09-10
France,21/05/17,http://www.football-data.co.uk/mmz4281/0910/F2.csv,09-10,F2,C:/R Projects/football-data/raw_data/F2_09-10.csv,F2_09-10
France,21/05/17,http://www.football-data.co.uk/mmz4281/0809/F1.csv,08-09,F1,C:/R Projects/football-data/raw_data/F1_08-09.csv,F1_08-09
France,21/05/17,http://www.football-data.co.uk/mmz4281/0809/F2.csv,08-09,F2,C:/R Projects/football-data/raw_data/F2_08-09.csv,F2_08-09
France,21/05/17,http://www.football-data.co.uk/mmz4281/0708/F1.csv,07-08,F1,C:/R Projects/football-data/raw_data/F1_07-08.csv,F1_07-08
France,21/05/17,http://www.football-data.co.uk/mmz4281/0708/F2.csv,07-08,F2,C:/R Projects/football-data/raw_data/F2_07-08.csv,F2_07-08
France,21/05/17,http://www.football-data.co.uk/mmz4281/0607/F1.csv,06-07,F1,C:/R Projects/football-data/raw_data/F1_06-07.csv,F1_06-07
France,21/05/17,http://www.football-data.co.uk/mmz4281/0607/F2.csv,06-07,F2,C:/R Projects/football-data/raw_data/F2_06-07.csv,F2_06-07
France,21/05/17,http://www.football-data.co.uk/mmz4281/0506/F1.csv,05-06,F1,C:/R Projects/football-data/raw_data/F1_05-06.csv,F1_05-06
France,21/05/17,http://www.football-data.co.uk/mmz4281/0506/F2.csv,05-06,F2,C:/R Projects/football-data/raw_data/F2_05-06.csv,F2_05-06
France,21/05/17,http://www.football-data.co.uk/mmz4281/0405/F1.csv,04-05,F1,C:/R Projects/football-data/raw_data/F1_04-05.csv,F1_04-05
France,21/05/17,http://www.football-data.co.uk/mmz4281/0405/F2.csv,04-05,F2,C:/R Projects/football-data/raw_data/F2_04-05.csv,F2_04-05
France,21/05/17,http://www.football-data.co.uk/mmz4281/0304/F1.csv,03-04,F1,C:/R Projects/football-data/raw_data/F1_03-04.csv,F1_03-04
France,21/05/17,http://www.football-data.co.uk/mmz4281/0304/F2.csv,03-04,F2,C:/R Projects/football-data/raw_data/F2_03-04.csv,F2_03-04
France,21/05/17,http://www.football-data.co.uk/mmz4281/0203/F1.csv,02-03,F1,C:/R Projects/football-data/raw_data/F1_02-03.csv,F1_02-03
France,21/05/17,http://www.football-data.co.uk/mmz4281/0203/F2.csv,02-03,F2,C:/R Projects/football-data/raw_data/F2_02-03.csv,F2_02-03
France,21/05/17,http://www.football-data.co.uk/mmz4281/0102/F1.csv,01-02,F1,C:/R Projects/football-data/raw_data/F1_01-02.csv,F1_01-02
France,21/05/17,http://www.football-data.co.uk/mmz4281/0102/F2.csv,01-02,F2,C:/R Projects/football-data/raw_data/F2_01-02.csv,F2_01-02
France,21/05/17,http://www.football-data.co.uk/mmz4281/0001/F1.csv,00-01,F1,C:/R Projects/football-data/raw_data/F1_00-01.csv,F1_00-01
France,21/05/17,http://www.football-data.co.uk/mmz4281/0001/F2.csv,00-01,F2,C:/R Projects/football-data/raw_data/F2_00-01.csv,F2_00-01
France,21/05/17,http://www.football-data.co.uk/mmz4281/9900/F1.csv,99-00,F1,C:/R Projects/football-data/raw_data/F1_99-00.csv,F1_99-00
France,21/05/17,http://www.football-data.co.uk/mmz4281/9900/F2.csv,99-00,F2,C:/R Projects/football-data/raw_data/F2_99-00.csv,F2_99-00
France,21/05/17,http://www.football-data.co.uk/mmz4281/9899/F1.csv,98-99,F1,C:/R Projects/football-data/raw_data/F1_98-99.csv,F1_98-99
France,21/05/17,http://www.football-data.co.uk/mmz4281/9899/F2.csv,98-99,F2,C:/R Projects/football-data/raw_data/F2_98-99.csv,F2_98-99
France,21/05/17,http://www.football-data.co.uk/mmz4281/9798/F1.csv,97-98,F1,C:/R Projects/football-data/raw_data/F1_97-98.csv,F1_97-98
France,21/05/17,http://www.football-data.co.uk/mmz4281/9798/F2.csv,97-98,F2,C:/R Projects/football-data/raw_data/F2_97-98.csv,F2_97-98
France,21/05/17,http://www.football-data.co.uk/mmz4281/9697/F1.csv,96-97,F1,C:/R Projects/football-data/raw_data/F1_96-97.csv,F1_96-97
France,21/05/17,http://www.football-data.co.uk/mmz4281/9697/F2.csv,96-97,F2,C:/R Projects/football-data/raw_data/F2_96-97.csv,F2_96-97
France,21/05/17,http://www.football-data.co.uk/mmz4281/9596/F1.csv,95-96,F1,C:/R Projects/football-data/raw_data/F1_95-96.csv,F1_95-96
France,21/05/17,http://www.football-data.co.uk/mmz4281/9495/F1.csv,94-95,F1,C:/R Projects/football-data/raw_data/F1_94-95.csv,F1_94-95
France,21/05/17,http://www.football-data.co.uk/mmz4281/9394/F1.csv,93-94,F1,C:/R Projects/football-data/raw_data/F1_93-94.csv,F1_93-94
Netherlands,15/05/17,http://www.football-data.co.uk/mmz4281/1617/N1.csv,16-17,N1,C:/R Projects/football-data/raw_data/N1_16-17.csv,N1_16-17
Netherlands,15/05/17,http://www.football-data.co.uk/mmz4281/1516/N1.csv,15-16,N1,C:/R Projects/football-data/raw_data/N1_15-16.csv,N1_15-16
Netherlands,15/05/17,http://www.football-data.co.uk/mmz4281/1415/N1.csv,14-15,N1,C:/R Projects/football-data/raw_data/N1_14-15.csv,N1_14-15
Netherlands,15/05/17,http://www.football-data.co.uk/mmz4281/1314/N1.csv,13-14,N1,C:/R Projects/football-data/raw_data/N1_13-14.csv,N1_13-14
Netherlands,15/05/17,http://www.football-data.co.uk/mmz4281/1213/N1.csv,12-13,N1,C:/R Projects/football-data/raw_data/N1_12-13.csv,N1_12-13
Netherlands,15/05/17,http://www.football-data.co.uk/mmz4281/1112/N1.csv,11-12,N1,C:/R Projects/football-data/raw_data/N1_11-12.csv,N1_11-12
Netherlands,15/05/17,http://www.football-data.co.uk/mmz4281/1011/N1.csv,10-11,N1,C:/R Projects/football-data/raw_data/N1_10-11.csv,N1_10-11
Netherlands,15/05/17,http://www.football-data.co.uk/mmz4281/0910/N1.csv,09-10,N1,C:/R Projects/football-data/raw_data/N1_09-10.csv,N1_09-10
Netherlands,15/05/17,http://www.football-data.co.uk/mmz4281/0809/N1.csv,08-09,N1,C:/R Projects/football-data/raw_data/N1_08-09.csv,N1_08-09
Netherlands,15/05/17,http://www.football-data.co.uk/mmz4281/0708/N1.csv,07-08,N1,C:/R Projects/football-data/raw_data/N1_07-08.csv,N1_07-08
Netherlands,15/05/17,http://www.football-data.co.uk/mmz4281/0607/N1.csv,06-07,N1,C:/R Projects/football-data/raw_data/N1_06-07.csv,N1_06-07
Netherlands,15/05/17,http://www.football-data.co.uk/mmz4281/0506/N1.csv,05-06,N1,C:/R Projects/football-data/raw_data/N1_05-06.csv,N1_05-06
Netherlands,15/05/17,http://www.football-data.co.uk/mmz4281/0405/N1.csv,04-05,N1,C:/R Projects/football-data/raw_data/N1_04-05.csv,N1_04-05
Netherlands,15/05/17,http://www.football-data.co.uk/mmz4281/0304/N1.csv,03-04,N1,C:/R Projects/football-data/raw_data/N1_03-04.csv,N1_03-04
Netherlands,15/05/17,http://www.football-data.co.uk/mmz4281/0203/N1.csv,02-03,N1,C:/R Projects/football-data/raw_data/N1_02-03.csv,N1_02-03
Netherlands,15/05/17,http://www.football-data.co.uk/mmz4281/0102/N1.csv,01-02,N1,C:/R Projects/football-data/raw_data/N1_01-02.csv,N1_01-02
Netherlands,15/05/17,http://www.football-data.co.uk/mmz4281/0001/N1.csv,00-01,N1,C:/R Projects/football-data/raw_data/N1_00-01.csv,N1_00-01
Netherlands,15/05/17,http://www.football-data.co.uk/mmz4281/9900/N1.csv,99-00,N1,C:/R Projects/football-data/raw_data/N1_99-00.csv,N1_99-00
Netherlands,15/05/17,http://www.football-data.co.uk/mmz4281/9899/N1.csv,98-99,N1,C:/R Projects/football-data/raw_data/N1_98-99.csv,N1_98-99
Netherlands,15/05/17,http://www.football-data.co.uk/mmz4281/9798/N1.csv,97-98,N1,C:/R Projects/football-data/raw_data/N1_97-98.csv,N1_97-98
Netherlands,15/05/17,http://www.football-data.co.uk/mmz4281/9697/N1.csv,96-97,N1,C:/R Projects/football-data/raw_data/N1_96-97.csv,N1_96-97
Netherlands,15/05/17,http://www.football-data.co.uk/mmz4281/9596/N1.csv,95-96,N1,C:/R Projects/football-data/raw_data/N1_95-96.csv,N1_95-96
Netherlands,15/05/17,http://www.football-data.co.uk/mmz4281/9495/N1.csv,94-95,N1,C:/R Projects/football-data/raw_data/N1_94-95.csv,N1_94-95
Netherlands,15/05/17,http://www.football-data.co.uk/mmz4281/9394/N1.csv,93-94,N1,C:/R Projects/football-data/raw_data/N1_93-94.csv,N1_93-94
Belgium,12/03/17,http://www.football-data.co.uk/mmz4281/1617/B1.csv,16-17,B1,C:/R Projects/football-data/raw_data/B1_16-17.csv,B1_16-17
Belgium,12/03/17,http://www.football-data.co.uk/mmz4281/1516/B1.csv,15-16,B1,C:/R Projects/football-data/raw_data/B1_15-16.csv,B1_15-16
Belgium,12/03/17,http://www.football-data.co.uk/mmz4281/1415/B1.csv,14-15,B1,C:/R Projects/football-data/raw_data/B1_14-15.csv,B1_14-15
Belgium,12/03/17,http://www.football-data.co.uk/mmz4281/1314/B1.csv,13-14,B1,C:/R Projects/football-data/raw_data/B1_13-14.csv,B1_13-14
Belgium,12/03/17,http://www.football-data.co.uk/mmz4281/1213/B1.csv,12-13,B1,C:/R Projects/football-data/raw_data/B1_12-13.csv,B1_12-13
Belgium,12/03/17,http://www.football-data.co.uk/mmz4281/1112/B1.csv,11-12,B1,C:/R Projects/football-data/raw_data/B1_11-12.csv,B1_11-12
Belgium,12/03/17,http://www.football-data.co.uk/mmz4281/1011/B1.csv,10-11,B1,C:/R Projects/football-data/raw_data/B1_10-11.csv,B1_10-11
Belgium,12/03/17,http://www.football-data.co.uk/mmz4281/0910/B1.csv,09-10,B1,C:/R Projects/football-data/raw_data/B1_09-10.csv,B1_09-10
Belgium,12/03/17,http://www.football-data.co.uk/mmz4281/0809/B1.csv,08-09,B1,C:/R Projects/football-data/raw_data/B1_08-09.csv,B1_08-09
Belgium,12/03/17,http://www.football-data.co.uk/mmz4281/0708/B1.csv,07-08,B1,C:/R Projects/football-data/raw_data/B1_07-08.csv,B1_07-08
Belgium,12/03/17,http://www.football-data.co.uk/mmz4281/0607/B1.csv,06-07,B1,C:/R Projects/football-data/raw_data/B1_06-07.csv,B1_06-07
Belgium,12/03/17,http://www.football-data.co.uk/mmz4281/0506/B1.csv,05-06,B1,C:/R Projects/football-data/raw_data/B1_05-06.csv,B1_05-06
Belgium,12/03/17,http://www.football-data.co.uk/mmz4281/0405/B1.csv,04-05,B1,C:/R Projects/football-data/raw_data/B1_04-05.csv,B1_04-05
Belgium,12/03/17,http://www.football-data.co.uk/mmz4281/0304/B1.csv,03-04,B1,C:/R Projects/football-data/raw_data/B1_03-04.csv,B1_03-04
Belgium,12/03/17,http://www.football-data.co.uk/mmz4281/0203/B1.csv,02-03,B1,C:/R Projects/football-data/raw_data/B1_02-03.csv,B1_02-03
Belgium,12/03/17,http://www.football-data.co.uk/mmz4281/0102/B1.csv,01-02,B1,C:/R Projects/football-data/raw_data/B1_01-02.csv,B1_01-02
Belgium,12/03/17,http://www.football-data.co.uk/mmz4281/0001/B1.csv,00-01,B1,C:/R Projects/football-data/raw_data/B1_00-01.csv,B1_00-01
Belgium,12/03/17,http://www.football-data.co.uk/mmz4281/9900/B1.csv,99-00,B1,C:/R Projects/football-data/raw_data/B1_99-00.csv,B1_99-00
Belgium,12/03/17,http://www.football-data.co.uk/mmz4281/9899/B1.csv,98-99,B1,C:/R Projects/football-data/raw_data/B1_98-99.csv,B1_98-99
Belgium,12/03/17,http://www.football-data.co.uk/mmz4281/9798/B1.csv,97-98,B1,C:/R Projects/football-data/raw_data/B1_97-98.csv,B1_97-98
Belgium,12/03/17,http://www.football-data.co.uk/mmz4281/9697/B1.csv,96-97,B1,C:/R Projects/football-data/raw_data/B1_96-97.csv,B1_96-97
Belgium,12/03/17,http://www.football-data.co.uk/mmz4281/9596/B1.csv,95-96,B1,C:/R Projects/football-data/raw_data/B1_95-96.csv,B1_95-96
Portugal,21/05/17,http://www.football-data.co.uk/mmz4281/1617/P1.csv,16-17,P1,C:/R Projects/football-data/raw_data/P1_16-17.csv,P1_16-17
Portugal,21/05/17,http://www.football-data.co.uk/mmz4281/1516/P1.csv,15-16,P1,C:/R Projects/football-data/raw_data/P1_15-16.csv,P1_15-16
Portugal,21/05/17,http://www.football-data.co.uk/mmz4281/1415/P1.csv,14-15,P1,C:/R Projects/football-data/raw_data/P1_14-15.csv,P1_14-15
Portugal,21/05/17,http://www.football-data.co.uk/mmz4281/1314/P1.csv,13-14,P1,C:/R Projects/football-data/raw_data/P1_13-14.csv,P1_13-14
Portugal,21/05/17,http://www.football-data.co.uk/mmz4281/1213/P1.csv,12-13,P1,C:/R Projects/football-data/raw_data/P1_12-13.csv,P1_12-13
Portugal,21/05/17,http://www.football-data.co.uk/mmz4281/1112/P1.csv,11-12,P1,C:/R Projects/football-data/raw_data/P1_11-12.csv,P1_11-12
Portugal,21/05/17,http://www.football-data.co.uk/mmz4281/1011/P1.csv,10-11,P1,C:/R Projects/football-data/raw_data/P1_10-11.csv,P1_10-11
Portugal,21/05/17,http://www.football-data.co.uk/mmz4281/0910/P1.csv,09-10,P1,C:/R Projects/football-data/raw_data/P1_09-10.csv,P1_09-10
Portugal,21/05/17,http://www.football-data.co.uk/mmz4281/0809/P1.csv,08-09,P1,C:/R Projects/football-data/raw_data/P1_08-09.csv,P1_08-09
Portugal,21/05/17,http://www.football-data.co.uk/mmz4281/0708/P1.csv,07-08,P1,C:/R Projects/football-data/raw_data/P1_07-08.csv,P1_07-08
Portugal,21/05/17,http://www.football-data.co.uk/mmz4281/0607/P1.csv,06-07,P1,C:/R Projects/football-data/raw_data/P1_06-07.csv,P1_06-07
Portugal,21/05/17,http://www.football-data.co.uk/mmz4281/0506/P1.csv,05-06,P1,C:/R Projects/football-data/raw_data/P1_05-06.csv,P1_05-06
Portugal,21/05/17,http://www.football-data.co.uk/mmz4281/0405/P1.csv,04-05,P1,C:/R Projects/football-data/raw_data/P1_04-05.csv,P1_04-05
Portugal,21/05/17,http://www.football-data.co.uk/mmz4281/0304/P1.csv,03-04,P1,C:/R Projects/football-data/raw_data/P1_03-04.csv,P1_03-04
Portugal,21/05/17,http://www.football-data.co.uk/mmz4281/0203/P1.csv,02-03,P1,C:/R Projects/football-data/raw_data/P1_02-03.csv,P1_02-03
Portugal,21/05/17,http://www.football-data.co.uk/mmz4281/0102/P1.csv,01-02,P1,C:/R Projects/football-data/raw_data/P1_01-02.csv,P1_01-02
Portugal,21/05/17,http://www.football-data.co.uk/mmz4281/0001/P1.csv,00-01,P1,C:/R Projects/football-data/raw_data/P1_00-01.csv,P1_00-01
Portugal,21/05/17,http://www.football-data.co.uk/mmz4281/9900/P1.csv,99-00,P1,C:/R Projects/football-data/raw_data/P1_99-00.csv,P1_99-00
Portugal,21/05/17,http://www.football-data.co.uk/mmz4281/9899/P1.csv,98-99,P1,C:/R Projects/football-data/raw_data/P1_98-99.csv,P1_98-99
Portugal,21/05/17,http://www.football-data.co.uk/mmz4281/9798/P1.csv,97-98,P1,C:/R Projects/football-data/raw_data/P1_97-98.csv,P1_97-98
Portugal,21/05/17,http://www.football-data.co.uk/mmz4281/9697/P1.csv,96-97,P1,C:/R Projects/football-data/raw_data/P1_96-97.csv,P1_96-97
Portugal,21/05/17,http://www.football-data.co.uk/mmz4281/9596/P1.csv,95-96,P1,C:/R Projects/football-data/raw_data/P1_95-96.csv,P1_95-96
Portugal,21/05/17,http://www.football-data.co.uk/mmz4281/9495/P1.csv,94-95,P1,C:/R Projects/football-data/raw_data/P1_94-95.csv,P1_94-95
Turkey,04/06/17,http://www.football-data.co.uk/mmz4281/1617/T1.csv,16-17,T1,C:/R Projects/football-data/raw_data/T1_16-17.csv,T1_16-17
Turkey,04/06/17,http://www.football-data.co.uk/mmz4281/1516/T1.csv,15-16,T1,C:/R Projects/football-data/raw_data/T1_15-16.csv,T1_15-16
Turkey,04/06/17,http://www.football-data.co.uk/mmz4281/1415/T1.csv,14-15,T1,C:/R Projects/football-data/raw_data/T1_14-15.csv,T1_14-15
Turkey,04/06/17,http://www.football-data.co.uk/mmz4281/1314/T1.csv,13-14,T1,C:/R Projects/football-data/raw_data/T1_13-14.csv,T1_13-14
Turkey,04/06/17,http://www.football-data.co.uk/mmz4281/1213/T1.csv,12-13,T1,C:/R Projects/football-data/raw_data/T1_12-13.csv,T1_12-13
Turkey,04/06/17,http://www.football-data.co.uk/mmz4281/1112/T1.csv,11-12,T1,C:/R Projects/football-data/raw_data/T1_11-12.csv,T1_11-12
Turkey,04/06/17,http://www.football-data.co.uk/mmz4281/1011/T1.csv,10-11,T1,C:/R Projects/football-data/raw_data/T1_10-11.csv,T1_10-11
Turkey,04/06/17,http://www.football-data.co.uk/mmz4281/0910/T1.csv,09-10,T1,C:/R Projects/football-data/raw_data/T1_09-10.csv,T1_09-10
Turkey,04/06/17,http://www.football-data.co.uk/mmz4281/0809/T1.csv,08-09,T1,C:/R Projects/football-data/raw_data/T1_08-09.csv,T1_08-09
Turkey,04/06/17,http://www.football-data.co.uk/mmz4281/0708/T1.csv,07-08,T1,C:/R Projects/football-data/raw_data/T1_07-08.csv,T1_07-08
Turkey,04/06/17,http://www.football-data.co.uk/mmz4281/0607/T1.csv,06-07,T1,C:/R Projects/football-data/raw_data/T1_06-07.csv,T1_06-07
Turkey,04/06/17,http://www.football-data.co.uk/mmz4281/0506/T1.csv,05-06,T1,C:/R Projects/football-data/raw_data/T1_05-06.csv,T1_05-06
Turkey,04/06/17,http://www.football-data.co.uk/mmz4281/0405/T1.csv,04-05,T1,C:/R Projects/football-data/raw_data/T1_04-05.csv,T1_04-05
Turkey,04/06/17,http://www.football-data.co.uk/mmz4281/0304/T1.csv,03-04,T1,C:/R Projects/football-data/raw_data/T1_03-04.csv,T1_03-04
Turkey,04/06/17,http://www.football-data.co.uk/mmz4281/0203/T1.csv,02-03,T1,C:/R Projects/football-data/raw_data/T1_02-03.csv,T1_02-03
Turkey,04/06/17,http://www.football-data.co.uk/mmz4281/0102/T1.csv,01-02,T1,C:/R Projects/football-data/raw_data/T1_01-02.csv,T1_01-02
Turkey,04/06/17,http://www.football-data.co.uk/mmz4281/0001/T1.csv,00-01,T1,C:/R Projects/football-data/raw_data/T1_00-01.csv,T1_00-01
Turkey,04/06/17,http://www.football-data.co.uk/mmz4281/9900/T1.csv,99-00,T1,C:/R Projects/football-data/raw_data/T1_99-00.csv,T1_99-00
Turkey,04/06/17,http://www.football-data.co.uk/mmz4281/9899/T1.csv,98-99,T1,C:/R Projects/football-data/raw_data/T1_98-99.csv,T1_98-99
Turkey,04/06/17,http://www.football-data.co.uk/mmz4281/9798/T1.csv,97-98,T1,C:/R Projects/football-data/raw_data/T1_97-98.csv,T1_97-98
Turkey,04/06/17,http://www.football-data.co.uk/mmz4281/9697/T1.csv,96-97,T1,C:/R Projects/football-data/raw_data/T1_96-97.csv,T1_96-97
Turkey,04/06/17,http://www.football-data.co.uk/mmz4281/9596/T1.csv,95-96,T1,C:/R Projects/football-data/raw_data/T1_95-96.csv,T1_95-96
Turkey,04/06/17,http://www.football-data.co.uk/mmz4281/9495/T1.csv,94-95,T1,C:/R Projects/football-data/raw_data/T1_94-95.csv,T1_94-95
Greece,07/05/17,http://www.football-data.co.uk/mmz4281/1617/G1.csv,16-17,G1,C:/R Projects/football-data/raw_data/G1_16-17.csv,G1_16-17
Greece,07/05/17,http://www.football-data.co.uk/mmz4281/1516/G1.csv,15-16,G1,C:/R Projects/football-data/raw_data/G1_15-16.csv,G1_15-16
Greece,07/05/17,http://www.football-data.co.uk/mmz4281/1415/G1.csv,14-15,G1,C:/R Projects/football-data/raw_data/G1_14-15.csv,G1_14-15
Greece,07/05/17,http://www.football-data.co.uk/mmz4281/1314/G1.csv,13-14,G1,C:/R Projects/football-data/raw_data/G1_13-14.csv,G1_13-14
Greece,07/05/17,http://www.football-data.co.uk/mmz4281/1213/G1.csv,12-13,G1,C:/R Projects/football-data/raw_data/G1_12-13.csv,G1_12-13
Greece,07/05/17,http://www.football-data.co.uk/mmz4281/1112/G1.csv,11-12,G1,C:/R Projects/football-data/raw_data/G1_11-12.csv,G1_11-12
Greece,07/05/17,http://www.football-data.co.uk/mmz4281/1011/G1.csv,10-11,G1,C:/R Projects/football-data/raw_data/G1_10-11.csv,G1_10-11
Greece,07/05/17,http://www.football-data.co.uk/mmz4281/0910/G1.csv,09-10,G1,C:/R Projects/football-data/raw_data/G1_09-10.csv,G1_09-10
Greece,07/05/17,http://www.football-data.co.uk/mmz4281/0809/G1.csv,08-09,G1,C:/R Projects/football-data/raw_data/G1_08-09.csv,G1_08-09
Greece,07/05/17,http://www.football-data.co.uk/mmz4281/0708/G1.csv,07-08,G1,C:/R Projects/football-data/raw_data/G1_07-08.csv,G1_07-08
Greece,07/05/17,http://www.football-data.co.uk/mmz4281/0607/G1.csv,06-07,G1,C:/R Projects/football-data/raw_data/G1_06-07.csv,G1_06-07
Greece,07/05/17,http://www.football-data.co.uk/mmz4281/0506/G1.csv,05-06,G1,C:/R Projects/football-data/raw_data/G1_05-06.csv,G1_05-06
Greece,07/05/17,http://www.football-data.co.uk/mmz4281/0405/G1.csv,04-05,G1,C:/R Projects/football-data/raw_data/G1_04-05.csv,G1_04-05
Greece,07/05/17,http://www.football-data.co.uk/mmz4281/0304/G1.csv,03-04,G1,C:/R Projects/football-data/raw_data/G1_03-04.csv,G1_03-04
Greece,07/05/17,http://www.football-data.co.uk/mmz4281/0203/G1.csv,02-03,G1,C:/R Projects/football-data/raw_data/G1_02-03.csv,G1_02-03
Greece,07/05/17,http://www.football-data.co.uk/mmz4281/0102/G1.csv,01-02,G1,C:/R Projects/football-data/raw_data/G1_01-02.csv,G1_01-02
Greece,07/05/17,http://www.football-data.co.uk/mmz4281/0001/G1.csv,00-01,G1,C:/R Projects/football-data/raw_data/G1_00-01.csv,G1_00-01
Greece,07/05/17,http://www.football-data.co.uk/mmz4281/9900/G1.csv,99-00,G1,C:/R Projects/football-data/raw_data/G1_99-00.csv,G1_99-00
Greece,07/05/17,http://www.football-data.co.uk/mmz4281/9899/G1.csv,98-99,G1,C:/R Projects/football-data/raw_data/G1_98-99.csv,G1_98-99
Greece,07/05/17,http://www.football-data.co.uk/mmz4281/9798/G1.csv,97-98,G1,C:/R Projects/football-data/raw_data/G1_97-98.csv,G1_97-98
Greece,07/05/17,http://www.football-data.co.uk/mmz4281/9697/G1.csv,96-97,G1,C:/R Projects/football-data/raw_data/G1_96-97.csv,G1_96-97
Greece,07/05/17,http://www.football-data.co.uk/mmz4281/9596/G1.csv,95-96,G1,C:/R Projects/football-data/raw_data/G1_95-96.csv,G1_95-96
Greece,07/05/17,http://www.football-data.co.uk/mmz4281/9495/G1.csv,94-95,G1,C:/R Projects/football-data/raw_data/G1_94-95.csv,G1_94-95
